{"text": "\u6b22\u8fce\u5927\u5bb6\u6765\u4f53\u9a8c\u6253\u78e8\u9662\u63a8\u51fa\u7684\u8bed\u97f3\u8bc6\u522b\u6a21\u578b", "segments": [{"id": 0, "seek": 0, "start": 0.0, "end": 5.12, "text": "\u6b22\u8fce\u5927\u5bb6\u6765\u4f53\u9a8c\u6253\u78e8\u9662\u63a8\u51fa\u7684\u8bed\u97f3\u8bc6\u522b\u6a21\u578b", "tokens": [50364, 28566, 17699, 6868, 6912, 29485, 49657, 234, 12467, 163, 13033, 38358, 33597, 7781, 1546, 5233, 255, 18034, 5233, 228, 18453, 41908, 39823, 50620], "temperature": 0.0, "avg_logprob": -0.26910005569458006, "compression_ratio": 0.8382352941176471, "no_speech_prob": 0.036627523601055145}], "language": "zh"}